id,name
1,"Buckeye Terminals, LLC "
2,Magellan Midstream Partners LP
3,Marathon Petroleum Co LLC
4,Kinder Morgan Terminals
5,Sunoco Partners Marketing & Terminals LP
6,NuStar Energy LP
7,"Phillips 66 Partners, LP"
8,TransMontaigne Partners LP
9,CITGO 
10,Motiva Enterprises LLC
11,Ergon Asphalt & Emulsions
12,"Chevron USA, Inc."
13,Martin Energy Services LLC
14,Flint Hills Resources LP
15,"Aircraft Service International, Inc."
16,ExxonMobil Oil Corporation
17,Tesoro Logistics Operations LLC
18,Shell Oil Products US
19,U.S. Oil 
20,Global Companies LLC
21,Arc Terminals Holding Co LLC
22,Enterprise Products Operating LP
23,Enterprise TE Products Pipeline Comp
24,Mid-America Pipeline Co LLC
25,Union Pacific Railroad Co.
26,Enterprise Products Operating LLC
27,Center Point Terminal LLC
28,Pyramid LLC 
29,BKEP Materials LLC
30,Holly Energy Partners 
31,Petro 49 Inc
32,Crowley Fuels LLC
33,BNSF 
34,CPD Alaska LLC
35,IMTT
36,"Delta Western, Inc. "
37,Petroleum Products Corp
38,Plains Products Terminals LLC
39,Oneok North System LLC
40,Sinclair Transportation Company
41,West Shore Pipeline Company 
42,"Delek Marketing & Supply, LP"
43,"Martin Operating Partnership, L.P."
44,Gulf Oil LP 
45,"Murphy Oil USA, Inc. "
46,Sprague Operating Resources LLC 
47,Petro Star Inc. 
48,Western Refining 
49,Gulf Oil LP
50,Plains LPG Services LP
51,CHS Inc
52,BP Products North America Inc
53,Enterprise Propane Terminal
54,NGL Supply Wholesale LLC
55,Martin Operating Partnership LP
56,Targa Midstream Services LLC
57,Aloha Petroleum Ltd.
58,Epic Midstream LLC
59,Petroleum Fuel & Terminal 
60,The Gas Company LLC
61,Sprague Operating Resources LLC
62,United Refining Co
63,Center Point Terminal 
64,Strategic Petroleum Reserve
65,South Florida Materials Corp
66,Valero Terminaling & Distribution
67,Countrymark Cooperative LLP
68,"Swissport Fueling, Inc."
69,Westway Terminals Co LLC
70,"Omega Partners III, LLC"
71,"Pro Petroleum, Inc. "
72,Valvoline
73,"HWRT Oil Co, LLC"
74,Tesoro Hawaii Corporation
75,Jebro Inc
76,Heritage Asphalt LLC
77,Western States Asphalt Inc
78,Vopak Terminals North America Inc
79,"Buckeye Terminals, LLC"
80,"Growmark, Inc."
81,Eco-Energy Distribution Services LLC
82,Hawaii Independent Energy
83,Nk Asphalt Partners
84,Oneok Hydrocarbon LP
85,Meenan Oil Co LP
86,Tidewater Terminal Co
87,Norfolk Southern Railway Co End Terminal
88,"Irving Oil Terminals, Inc."
89,Guttman Realty Co. 
90,Premcor Refining Group Inc
91,Growmark Inc
92,"L. E. Belcher, Inc."
93,John W Stone Oil Dstr LLC
94,Shore Terminals LLC 
95,Guttman Oil Co
96,Signature Flight Support Corp.
97,Allied Aviation Fueling of Atlanta Inc.
98,Golden Gate/SET Petroleum Partners
99,Superior Plus Energy Services Inc. 
100,Bayside Fuel Oil Depot Corp.
101,"Inland Fuel Terminal, Inc."
102,Valero Refining Company 
103,Total Petro Of Puerto Rico Corp
104,Norfolk Southern Railway Company
105,Gordon Terminal Service Co
106,Crestwood Services LLC
107,Countrymark Cooperative Inc
108,JD Streett & Co Inc
109,JP Energy ATT LLC
110,"Calumet Lubricants Co., LP"
111,"Springfield Terminals, Inc."
112,Calumet Superior LLC
113,"Allied Aviation Fueling Co., Inc."
114,Cenex Pl LLC
115,"Delta Terminal, Inc."
116,"Barcliff, LLC"
117,The Jankovich Company
118,IMTT 
119,UNEV
120,Lincoln Terminal Company
121,Valero Refining 
122,Buckeye Development & Logistics
123,Kinder Morgan Transmix LLC
124,Amerigas Propane LP Inc
125,Stolthaven New Orleans LLC
126,Lion Oil Co
127,Suncor Energy USA
128,Lone Star NGL LLC
129,McCall Oil and Chemical Corp.
130,"Chevron USA, Inc. "
131,Swissport SA Fuel Services
132,Sea 3 Inc
133,Monroe Energy LLC
134,"SFPP, LP"
135,B&B Petroleum Inc
136,Axeon Specialty Products LLC
137,Montana Rail Link Inc
138,Cummins Terminals Inc
139,Calumet Lubricants Co
140,C-Portstone LLC
141,Diamond Shamrock 
142,Frosty Fuels LLC
143,Valero Partners Operating Co LLC
144,BP Lubricants USA Inc
145,Valero Refining Co. 
146,Southeast Emulsions Inc
147,Intercontinental Terminals Co.
148,Go-Mart Inc
149,Delta Fuels Company Inc
150,Hess Corp
151,Equitable Oil Purchasing Co
152,"HOP Energy, LLC"
153,Plains Marketing LP
154,JT Russell & Sons Inc
155,LBC
156,The Hudson Co
157,Scott Petroleum Corporation
158,Petrodiamond 
159,BP Marine
160,St. Marys Refining Company
161,F L Roberts Inc
162,Vance Brothers Inc
163,Federal Express Corporation
164,Cumberland Terminals
165,Fikes Wholesale Inc
166,Sinclair Oil Corp
167,First Energy Corporation
168,"Swissport Fueling of Nevada, Inc"
169,Five Star Fuels
170,"Ultramar, Inc. "
171,BP Oil Pl Co
172,Williams Hutch Rail Company
173,Franklin United Inc
174,"Allied Avia Fueling of National Airport, LLC"
175,Fred M. Schildwachter & Sons
176,Red River Terminals LLC
177,Alon Big Spring
178,Shell Oil Products US 
179,Gas Supply Resources
180,Southern States Cooperative Inc
181,Gateway Terminals LLC
182,Suburban Propane Partners LP
183,Gladieux Trading & Marketing Co.
184,Enlink Processing Services LLC
185,Bright Star Energy Inc
186,Blackwater Maryland LLC
187,Go
188,USA Petroleum Southwest Terminal
189,Bristol Alliance Fuels LLC
190,Webber Tanks Inc
191,Golden Gate/Set Petro Partners Of Nv
192,Pelican Asphalt Co LLC
193,Bruce Oakley North Little Rock Terminal
194,Crestwood Midstream Partners LP
195,"Goodway Refining, LLC"
196,CSX Transportation Inc
197,Buckeye Albany Terminal LLC
198,Raleigh
199,Green Energy Products LLC
200,Ribost Terminal LLC
201,Buckeye Aviation (Memphis) LLC
202,"Seldovia Fuel & Lube, Inc."
203,Buckeye Aviation (San Diego)
204,Delaware Storage & Pipeline Co.
205,Buckeye Carribean Terminals LLC
206,Delta Fuel Facility 
207,Alon Supply
208,Spruce Island Fuel
209,Buckeye Development & Logistics II LLC
210,Stolthaven Houston LLC
211,Alon USA LP
212,Superior Plus Energy Services Inc 
213,Harbor Fuel Oil Corp.
214,Targa Baltimore Terminal
215,Harborview Terminals Inc
216,Texpar Energy
217,Adak Terminal
218,Allied New York Services Inc.
219,Buckeye Texas Hub LLC
220,Tristar Terminals Guam Inc
221,Heritagenergy Inc.
222,United Parcel Service Inc
223,Buckeye Texas Processing LLC
224,ERPC Aberdeen
225,Hess North Dakota Export Logistics
226,Warrior Asphalt Refining Corp
227,Hiland Partners
228,ERPCO Cape Girardeau
229,"Holland Terminal, Inc."
230,Explorer Terminal Co LLC
231,Holly Energy Partners
232,Cousins Petroleum 
233,American Refining 
234,Petrogas Inc
235,HollyFrontier Tulsa Refining LLC
236,"Petroleum Wholesale, Inc."
237,HollyFrontier Wood Cross Refining LLC
238,Placid Refining Co. LLC
239,"Caljet of America, LLC"
240,Plantation 
241,Houston Fuel Oil Terminal Company
242,Puerto Rican Oil Terminal Co
243,Hovensa LLC
244,Rebel Oil Las Vegas Terminal
245,Hudson Co
246,Reg Grays Harbor LLC
247,Hunt
248,"San Joaquin Refining Co., Inc."
249,Hunt Refining Co.
250,Seaport Canaveral
251,Hunt Southland Refining Co
252,Shell Chemical LP 
253,Hunt Southland Refining Company
254,Shoreside Petroleum Inc
255,American River Transp Co
256,Silver Eagle Refining Woods Cross Inc
257,Imperium Grays Harbor LLC
258,Sinclair Wyoming Refining Company
259,Allied Aviation Fueling of Houston LP
260,Battleground Oil Specialty Terminal
261,Calumet Montana Refining LLC
262,Allied Energy Corp
263,Calumet San Antonio Refining
264,St Paul Fuel LLC
265,Insight Equity Acquisition Ptnr LP
266,Staker Parson Companies
267,Antelope Refining
268,Benchmark Distribution Terminal LLC
269,Intergulf Corporation
270,Suncor Energy USA 
271,Interstate Storage & Pipeline Corp.
272,Superior Plus Energy Svcs Inc
273,"IPT, LLC"
274,Big West Oil LLC
275,Capitol Terminal Company
276,Targa Sound Terminal
277,Island Petroleum Inc
278,Tesoro Logistics Opns LLC
279,"Island Petroleum, Inc."
280,The Energy Conservation Group LLC
281,"Carbo Industries, Inc."
282,"Thornton Transportation, Inc."
283,"Catlettsburg Refining, LLC"
284,Torrance Logistics Company
285,John W Stone Oil Distributor
286,Total Petrochemicals USA Inc
287,"CATO, Inc."
288,TTMC
289,Anthony Troiano & Sons Inc
290,Boardwalk Louisiana Midstream LLC
291,JP Energy Caddo LLC
292,"Bonanza Fuel, Inc."
293,Apex Oil Company
294,Alon Bakersfield
295,K-Solv L P
296,ERPC Lebanon
297,Kansas City Southern Railway 
298,ERPC Princeton
299,"Kauai Petroleum Co., Ltd."
300,Waterfront Petroleum Terminal Co.
301,Kern Oil & Refining Co.
302,Western Emulsions
303,Keyera Energy Inc
304,Westmore Fuels
305,Center Point Terminal Baltimore LLC
306,Wolverine Pl Co
307,Allied Aviation Fueling of Miami
308,Paramount Petroleum Corp.
309,(blank)
310,Pelican Island Storage Termls
311,Center Point Terminal Newark LP
312,Ayers Oil Company 
313,Adak Petroleum LLC
314,Petrogas
315,Wyoming Refining Co. 
316,Petrogas West LLC
317,Central Florida Pipeline LLC
318,Allied Aviation Service of New Jersey
319,"Lefferts Oil Terminal, Inc."
320,Petromax Refining Company
321,Lima Refining Company
322,"Piedmont Aviation Services, Inc."
323,Lincoln Oil Co Inc
324,Baker Oil Co.
325,"Chalmette Refining, LLC"
326,CTI of North Carolina Inc
327,Chemoil Terminal Corp
328,Port Everglades Energy Center
329,Lion Oil Co. 
330,Cummins Terminals 
331,"Liquidtitan, LLC"
332,Bama Terminaling and Trading LLC
333,Lone Star Fuel Storage And Transfer
334,Rancho LPG Holdings
335,Lone Star NGL Hattiesburg LLC
336,Red Dog Operations
337,Chemoil Terminals Corporation
338,REG Geismar LLC
339,Lupton Petroleum Products
340,Reno Fueling Facilities Corporation
341,Alabama Bulk Terminal
342,Safety
343,Manly Terminal LLC
344,Sawtooth Ngl Caverns LLC
345,Maples Gas Co Inc
346,CW Matthews Contracting Co Inc
347,Albany Street Terminals LLC
348,Seaport Refining & Environmental LLC
349,Martin  Energy Services
350,Dakota Prairie Refining
351,Chevron Phillips Chemical Co
352,DCP Midstream Partners LP
353,"Chevron Phillips Chemical Co., LP"
354,Delaware City Logistics Company
355,Archie Terminal Co LLC
356,Shreveport Refinery
357,Marysville Hydrocarbons
358,Silver Eagle Refining Inc
359,Maverick Terminal Brownsville
360,Sinclair Casper Refining Company
361,Archie Terminal Company
362,Allied Aviation Service of New York
363,Arguindegui Oil Co Ii Ltd
364,"SLF, Inc. T/A Consumers Oil"
365,Meredosia Terminal
366,South Portland Terminal LLC
367,MGC Terminals
368,Southern States Cooperative
369,Mid Continent Frac & Storage
370,"Delta Fuels, Inc."
371,Mid Pac Petroleum LLC
372,BenchMark Biodiesel
373,Circle K Terminal
374,St George Delta Fuel Co
375,Midcon Fuel Services
376,St. George Delta Fuel Co.
377,Midpac Petroleum Kawaihae Terminal
378,St. Paul Fuel Co.
379,Midwest Industrial Asphalt Inc
380,Sterling St. Terminal LLC
381,Midwest Marine Inc
382,Diamond Green Diesel LLC
383,Arizona Fueling Facilities Corporation
384,Suburban Heating
385,Monroe Terminal Company LLC
386,Direct Fuels LLC
387,CITGO Equilon 
388,Dixie Pipeline Company
389,CITGO Petroleum Corporation
390,"Duck Island Terminal, Inc."
391,Mountain States Asphalt Inc
392,Swissport Fueling Inc
393,Coffeyville Terminal Operations
394,E R Snell Contractor Inc
395,Musket Corp
396,T & M Terminal Pipeline Co
397,Mustang Ridge Fuels Terminal 
398,Energy Logistics Solutions LLC
399,National Cooperative Refinery Assoc
400,Targa Terminals LLC
401,NE Petroleum Terminal LLC
402,Enterprise Houston Ship Channel LP
403,New Hamburg Terminal Corp.
404,Tesoro Petroleum Corp
405,"New Haven Terminal, Inc."
406,Texpar Energy LLC
407,Newport Terminal Corporation
408,Enterprise Pasadena Products Terminal
409,NGL Supply Terminal company LLC 
410,Birmingham Bioenergy Partners LLC
411,"Coldbrook Energy, Inc."
412,Thorntons Inc
413,NIC Holding Corp
414,Tiller Corp
415,"Nikiski Fuel, Inc."
416,Torrance Refining Company
417,Colonial
418,Total Petrochemicals
419,Noco Energy Corp.
420,Tricor Refining LLC
421,"Colonial Terminal, Inc."
422,Truman Arnold Co. 
423,ConocoPhillips Alaska Inc.
424,Enterprise Refined Products Company
425,"Northern States Power Co, Wisconsin"
426,Allied Aviation Fueling of Dallas LP
427,Northville Industries Corp
428,United Metro Energy Corp
429,Northville Industries Corp  
430,United Products Terminal
431,Aleutian Fuel Services
432,UPS Fuel Farm Terminal
433,Oakmar Terminal
434,Valero Marketing & Supply Co
435,Odfjell Terminals Charleston LLC
436,"Ergon West Virginia, Inc."
437,Odfjell Terminals Inc
438,ERPC Boligee
439,Oiltanking Port Neches
440,ERPC North Houston Terminal
441,Oiltanking Texas City LP
442,Ventura Refining & Trans LLC
443,"Oiltanking Texas City, LP"
444,VRM
445,Oklahoma City Airport Trust
446,Watco Transloading LLC
447,Continental Refining Company
448,Waterfront Terminal
449,One Cypress Terminals
450,ERPC Shreveport Area Truck Rack
451,Asphalt Emulsions LLC
452,ERPC Todhunter
453,Allied Aviation Service of Kansas City
454,"Westmore Fuel Co., Inc."
455,Oneok Rockies Midstream LLC
456,Explorer Pipeline Company
457,OP Reno LLC
458,Wolf Lake Terminals
459,ORCA Oil
460,"Wynnewood Energy Company, LLC"
461,Pacific Terminal Services Inc
462,PAPCO Terminal
463,LBC Baton Rouge LLC
464,Lanai Oil Co Inc
465,Hartford Wood River Terminal
466,"Lassus Bros. Oil, Inc. "
467,Lazarus Energy LLC
